"";"PC1";"PC2";"PC3";"PC4";"PC5";"PC6";"PC7";"PC8";"PC9";"PC10";"PC11";"PC12";"PC13";"PC14";"PC15";"PC16"
"Nme4";0,0205068155922096;-0,0171175038882179;-0,0831860180742738;-0,197404564821196;-0,158165050146423;-0,108926779727459;0,0141079766479924;0,0183611087678848;-0,0520297346751453;0,0910007459430286;-0,0734424902965796;-0,068743639883098;-0,0430664797941124;-0,158621239344436;0,00182545231131789;-0,0285735487603748
"Gm5637";0,0124123709827879;-0,00805598111847163;-0,03884816153228;-0,0729531469851123;-0,0115216986329096;-0,0876531145829969;-0,0230643910980477;0,116177508148154;0,00840924739398602;0,108573821324413;0,0244265641515082;-0,0569543892607281;0,0292302945886489;0,0420956516065219;0,0436651288117157;-0,0231697313451528
"Otud3";-0,016825628665151;0,0145922170047647;-0,0142365964838754;0,0465982547827983;0,0396391794424857;-0,0310031014501258;-0,00185671041345927;0,0152786855380439;0,0534529641539024;0,0873017050164698;-0,0519079035123093;0,0439282699912054;0,0356003995395686;-0,00287282672326616;-0,115264313305084;-0,0703735332161123
"Mgme1";0,0165560326162929;-0,0561607245843206;0,0175561056678215;-0,0701258678359237;-0,0469873004053875;-0,0885254491523345;-0,0603122151444127;-0,0408356492502907;0,0193591126979274;0,0529197132301031;0,0177287460786247;-0,0972511519852738;-0,00470214911704147;0,0238367944351938;-0,00942370964351182;-0,0324564921257852
"Gm6024";-2,15302017863624e-17;1,48490403662602e-16;1,41278430493465e-16;1,46095541813104e-17;5,79950903658608e-17;9,95529217801788e-18;-9,83917346179691e-17;2,78040245401478e-16;9,81590985047334e-17;-1,66860038006331e-17;-1,61821167732678e-16;3,10892639569239e-16;1,49639632408205e-16;-3,98196624457812e-17;2,42402517070336e-18;-0,165393400654958
"Edem2";-0,0521952315436104;0,032718666562232;0,00697245610665608;-0,0526490679317958;0,0370105082269763;0,0564749782887365;0,0426899111183488;0,0105992194321584;0,0174994785399217;0,00806877641785777;-0,0373345975996295;0,0283254129559985;0,0459100307933058;-0,0317181160880973;-0,0211397242729406;0,106173531539026
"Gm5385";-4,52990832042162e-18;9,35714516914542e-17;1,04494702691405e-16;8,73178471200705e-17;3,77812548333017e-17;-9,82043290298907e-17;-3,54446378235651e-17;1,08278777501434e-17;-6,17760774960842e-17;3,55968330796254e-17;-1,40809845891626e-16;1,9461778733495e-16;5,70841977632251e-17;2,77012502409731e-18;-1,31127759927996e-17;-0,0562301526046131
"Rpl9-ps6";-0,00974480826146641;-0,00114780925148924;0,0191219051625938;-0,069481806578558;0,00407107176653134;0,0145933152878134;0,0760332531879098;-0,0184090560942051;-0,0214441038295203;0,0731865106905246;0,0481456802509441;0,0727483528764881;-0,00228416879400288;0,101676098509958;-0,089119829172636;-0,190518530526751
"Tyrobp";0,0466849393947598;0,0742609048568372;0,0341248960295387;-0,0491133974563738;-0,160754702942761;-0,0234768853921899;-0,0465100844119574;-0,0724202682366727;-0,0293729422334736;0,0162624567984353;0,0357407561613748;-0,106389241679821;-0,0448863379507769;0,00289410833265798;0,027961919433618;-0,0648261584554845
"Trdn";-0,0784530827511256;0,059266125271459;0,0500961741234959;-0,235208506262304;0,0214755237598484;-0,0419449099051437;-0,213851065815929;-0,0832202426501074;-0,160576256747516;0,269423505537572;-0,0845779171153345;-0,000892680684735061;0,0432354561760183;0,0598901657344378;0,0320234736234886;-0,152133521846341
"Nono";0,0268542976039548;-0,0272443153302746;-0,0023584669674342;0,0389849986163398;-0,0794880587028009;-0,0364473151511365;-0,144363014016956;0,00957782402995097;-0,0465763615236967;0,00335714355973895;-0,00943242367436488;0,00840057913653978;0,00375752010018509;0,0278469396546057;0,0214263918556183;-0,354130762939319
"Me1";0,105890141002923;0,118089898686431;-0,0785721041381858;0,0312741751031308;0,115988554098583;0,0550951402422677;0,0605209488875349;0,020676670850226;0,0545678193275799;-0,033761442362202;0,0575119073709134;-0,136249711647926;0,269865644509852;-0,0205784070841502;0,0735813912483839;0,0395238308493916
"Dlec1";-0,216933431724411;-0,0319452874443144;-0,0893242988307997;0,0881610135154886;-0,0965095266073731;-0,00303021661069775;-0,0184696822180079;0,0547417328276908;0,036273804225029;0,0648902471865981;-0,112607101788145;0,130439942629383;0,0638263904473711;0,021838574355525;-0,046858600252625;-0,0507754135474533
"U2af1l4";-0,0213753350112322;-0,0633052897963162;0,0325633283521186;0,0593543516378201;-0,0324802944345648;0,0609602802432169;0,00693457899403481;-0,00193676408351176;-0,0127880640275548;0,00785213552921405;0,0436188478672476;-0,0173324851066991;-0,0304725489503284;0,0208000421922073;-0,101383063724249;0,0295270671568618
"Gnal";-0,166455027829148;0,00438513909742938;0,0831067033599401;0,0140680959070189;0,0506871731979741;-0,0933393721886839;0,104561632657162;0,0149419822610814;-0,00915891674504446;0,0294902819837039;-0,086456832104106;0,0585296011996823;0,0130427002668788;0,0376622755562205;0,0597121279608791;-0,127656199700639
"Ints11";0,0348468200289087;-0,047467985946515;-0,00864524282501936;0,0136748333626844;-0,00501904203653449;-0,00264515530693982;-0,0137229929653889;-0,0682386729124256;0,068256405728913;0,0294565647952504;0,0484031562947786;-0,0260860313650265;-0,0304175706338154;-0,151251983267013;-0,061874370234997;-0,186783340318385
"Frg2f1";-0,0369390274951158;-0,0921065955572643;0,00173673738805097;0,0399948538585011;0,0405935490821242;0,047752760988332;0,0493311953311049;-0,046635180769545;-0,0184006603045743;-0,0543535031357181;0,00535740776630244;0,0489507779488417;-0,0243682766899982;-0,070016719026709;0,105539891410223;0,0104922493794822
"Lrrc40";0,0360219671080634;-0,0590287133406068;-0,00940873598577986;-0,00226441772342346;-0,041571912710655;-0,0453066736522255;-0,0840571071344864;0,0332219539283053;-0,0159302289415098;0,0134273248114654;0,0086443181535533;-0,180000869246357;-0,0194804958508271;0,104403442761081;0,0510544210466593;-0,0383395344112268
"Sdr39u1";-0,0778936720114572;0,00547039900091498;0,033131636710294;0,0270681429635559;0,0368526355573894;0,0266168116471117;-0,00295899326631576;-0,00491565861347699;0,0296025280537686;0,00223364305515729;-0,00926109772223306;0,0286857700075944;-0,0150325669846482;-0,0481901568203963;0,00103119556166826;-0,0187848560498338
"Mob2";-0,0157531918136456;-0,0660550752508147;-0,00811383868820281;0,0224316601267103;0,0623198533211417;-0,0639203939428711;0,0303423438144739;0,0265058408784163;-0,0103007273057439;-0,0398101201196215;0,0356452015249117;-0,0808583125224353;0,0175585128069395;-0,0300790323650143;-0,068687516709947;0,0138966227231816
"Gbp8";-0,304653838246471;-0,00823493203144217;-0,0591693689026325;-0,234211934405517;0,0739893040270038;-0,00399052280836114;-0,160167704088398;-0,14188883835539;0,0853713136336561;-0,282199013842119;0,0999885057922104;0,0172418984118437;-0,281294219357267;0,0982758730231925;-0,0362063071615457;0,0698445712638239
"Gm15794";0;0;0;0;0;0;0;0;0;0;0;0;0;0;0;0
"Kcnk7";-0,0898023844119149;0,094104693800137;0,0396748669213454;-0,00599972105680647;0,0740479509770138;-0,0861195467319243;-0,0949637432750962;-0,0336425822667689;0,0589283369071766;-0,0224063085827393;0,0668458458391851;-0,136463573001254;-0,0407061705105776;-0,0969420601142783;0,0904168005812486;-0,018799477847639
"Mmp19";0,00708525516742615;0,13961679912892;0,0106539962666914;-0,102968739758747;-0,213833597136948;0,109591555181258;0,0602120832759692;-0,0064055609582469;0,0129551126348125;0,0554337901451673;-0,182123177194888;-0,138011078124546;0,00770560085048235;0,102189019111461;0,0337408040487576;0,000968703974879187
"Phax";0,0258360746375742;-0,0129771500358059;0,000918544930089398;0,00227120480483526;-0,0616646449756008;-0,0033983612513933;0,0204437181162923;0,0158248138413841;0,110171062619816;0,00210837079313295;0,00473803154355782;0,0416387385809766;0,00822451683403503;0,0578880779688895;0,0166797835554736;-0,0745754246731572
"Gm14418";-0,00909095650947161;-0,0246110434460797;0,0197459948698246;0,0835121250847778;-0,192217599804818;-0,117206972272632;-0,0122604945970216;0,0282824371731368;0,0245302408281764;0,156237280769198;-0,142986984656198;-0,157460050980095;0,0591590261452849;-0,095146708051155;0,0621356952406515;0,0100217889733515
"Gm10571";0,00530908056670734;-0,0152585820027204;0,0140738266535055;-0,00127999941490049;0,0198615272136408;-0,0233309258243669;0,00893510100140812;-0,00863123796385292;-0,00245765012939709;-0,00661869892641908;0,000854354676760452;0,00824684110554382;0,0224097396978536;0,0134741185116969;0,00979670898585191;-0,00148268956699546
"Gm12713";-0,000883734793043039;0,00357634843321116;0,000761675842255849;-0,00692666522404748;-0,000587853125866655;-0,0012492623153168;-0,0169864847912168;1,59460411614507e-07;-0,00636681932345508;0,00714951572735634;0,00533993038312947;0,00502937991970749;-0,0160559463694713;0,0735111805846754;0,0201983153759469;0,00877170059354494
"Vmn1r80";0;0;0;0;0;0;0;0;0;0;0;0;0;0;0;0
"Mest";0,156319521870741;-0,19169556775573;-0,24965952127739;-0,109086284587859;-0,0585774056472556;-0,235794754118768;0,136384471927321;-0,420547739049977;-0,147466749914792;-0,141122826217089;-0,131152109900551;0,0697895995774174;0,143100624235539;-0,0425724428033625;0,0807480025772373;-0,0390241900337201
"Kif17";-0,0711101685359642;-0,0368431319461245;0,00649718934217029;-0,0789645058928022;0,0390134581809393;0,0871289728119649;-0,0528246937810814;-0,0495612041975028;-0,0331030271559207;-0,0930653383818705;-0,040810240604279;0,125813757361038;0,0654738608511671;-0,0450160431398809;-0,0833128056071318;0,0264296559132501
"Gm7289";0,00266409570942812;-0,00302758734850154;-0,000151931317043905;-0,00333229503888038;0,00138770263911492;-0,0132542025767485;-0,00517569663567489;0,0201210103651673;0,0067500707185046;-0,0112409307072815;-0,0489077521134242;-0,0150671736321527;0,00208138751955763;-0,0374206140102021;-0,0493350793720727;-0,00130627595936841
"U2af1";0,0181968926386719;-0,0353263152251843;-0,00330928962648907;0,0176866563094666;-0,0788714621880162;0,0527385594381971;-0,0457073355802817;-0,0820122875794307;0,0837524396001894;-0,0491082808810376;0,0835853676077635;-0,120294908465597;-0,142923744650113;0,0325513349711364;-0,0590095752575019;-0,170736335538787
"Gm28438";0,0198944640041086;-0,00469803354849331;-0,0385815001797466;0,00801977123774649;-0,0731216693972548;-0,160439603977512;-0,00619539482170948;0,000389767104177742;-0,0705057078136391;-0,0251192985888645;-0,0455079741705783;0,0114525545481259;0,0268670901184919;0,0566668099363719;0,267857794229044;0,264575453011417
"Nprl2";-0,0352577176840084;-0,0502579833853547;0,0618994895719046;0,0630296013430861;-0,0352467205114427;-0,00853677240856713;-0,00247497465036672;0,0260620484647659;0,0599141974231199;-0,0370526965576412;-0,0754362911317413;0,00294485830887058;-0,0264095675116152;0,0267426061580688;-0,0809984999608904;0,0902817290783856
"Il18r1";0,0462702971615723;0,234657433928276;-0,0141623072524058;-0,0175687694769476;0,131191329339878;0,055403962000174;-0,307641377508187;0,15048278567756;-0,0475002842193939;-0,126614501515143;-0,0540944814448364;0,00636586648869262;0,0927773230160753;0,059927585375812;0,033376644931481;0,0882958530235889
"Cox10";0,00953957031755948;0,00274107149364331;0,0472609351405824;-0,0212775741570284;-0,0590834897383684;-0,0637227117447946;-0,00971361633524869;0,0515504683695299;-0,00118203563970716;0,0331584670418088;-0,142450415870063;-0,0318043527069717;-0,0779261308762678;-0,0119168940153655;-0,0329545379761442;0,0515705697943881
"Eefsec";-0,0166612219466458;-0,0364269019399441;0,0486218041411105;-0,00262847889212574;0,0491566980059877;0,0286487074398426;0,0152449476826559;0,0422994254130193;-0,0119999586638813;-0,0283013585351175;-0,0136250043346585;0,0207595949384144;-0,046386757763855;-0,00869847374018588;-0,119746887182301;-0,0204585700836444
"Cdkl1";-0,326591654350798;-0,0262249651175257;-0,132444279450343;-0,00853627837057743;-0,0146566011654896;0,268420948520367;-0,0830340824846125;0,0770726657871578;0,179953876627374;-0,0781995340064656;-0,109285798049278;-0,0351534323396179;0,0773670795261347;-0,0376765686730477;0,127002357173368;0,032335212147399
"Gm9795";0,0477795137338662;-0,0413951512764857;0,159641027224508;-0,0321311866284431;-0,137855255788794;-0,0325460223282704;0,00743725200511275;-0,0615900501172703;0,120263558961677;0,0590993327876508;-0,033897722074435;0,242779556606944;-0,104419338585714;-0,215646198033969;0,0427399808242999;-0,0303214048386211
"Bex1";-0,0587416783208907;-0,220914652289086;0,14399945790043;-0,143551409787052;-0,0462624684489029;0,213625757465762;-0,279821045583593;-0,260593744467736;-0,234118426974827;0,0941576407741029;0,0585693651790346;0,182090980979095;0,17548304836798;-0,130936849697776;-0,0583567119061772;0,149913752178188
"Fam20a";-0,0189481298410286;0,0906122887635872;-0,0985689305944842;-0,122825638760344;-0,108542948139771;0,111599436018155;-0,0328237430555045;0,00329844230111404;-0,0724237894168526;-0,111968502243451;-0,160359585535951;-0,21452574746754;0,106348555587898;0,0450871579971718;-0,169886753245721;-0,0941828034204143
"Mxi1";-0,00499179102721921;-0,0224374264905275;0,0262478863124135;0,00644580498766204;0,0196468183702556;0,0375092914225232;0,00478891871665225;-0,040948310369036;0,0248077540268689;-0,0408775532823951;0,0971431968706808;0,00588604106217522;0,120090014561247;-0,0481641926230881;0,0134313475315907;-0,144595601189121
"Umps";0,0639354081989287;-0,053858578745262;0,0242208573156627;-0,0136161629170962;-0,0810761354937783;0,0856510435001841;-0,103353972809901;0,0431574688855574;0,0174286327159673;0,0223909710530508;-0,072141622429706;0,0545977175046815;-0,00504866674702893;-0,0250276899386792;0,0703487259605712;-0,00391923803804556
"Map3k1";0,0172656503105061;-0,0195077540697119;0,00443933459485097;0,0293926350465293;0,0525124145439307;0,109982407874619;-0,0547006560489378;0,0452958854083548;-0,0144160857991776;-0,0180473732426416;0,0520264310398355;0,0568121585588637;-0,0194180436899986;-0,0388083063487288;0,064183734654128;0,0923124383534524
"Mlycd";-0,0489293033126354;-0,0487628185562569;0,0491419577182742;-0,0508592389018777;0,0310221167967069;-0,0212038515668722;0,0222290326947469;-0,013999131484589;0,062240250957906;-0,0839037584667987;-0,020443866460351;-0,0870373179406411;-0,0285908013181799;-0,0175577384384872;-0,0993892563524096;0,0185929127798629
"Nudt16l1";-0,0253409585972545;0,00161987685706467;0,0223110250332858;0,0712174295350563;-0,0547585451066015;0,0678258661519346;-0,0446304672515134;0,0416203274224647;-0,0149944926639719;0,00418818698150863;-0,0358823853090919;0,00613944190902086;-0,0730143981828578;-0,0498163253179888;0,0190477098645005;-0,0202694381339705
"Sorbs3";-0,0602303981619351;0,0605247955118834;-0,191555833427334;0,140847170338684;-0,171070231818984;-0,0564352542878719;0,0453601623306756;-0,0299434389837833;0,0124051936486952;0,13649059023521;0,187858825423312;0,220804778473706;0,0543015240654679;0,0017946440117275;-0,0633419955515253;-0,0184149767465294
"Krt79";0,11475649860458;-0,12208391702839;-0,277804442638388;0,0097981743407789;0,00631092151024259;-0,0595777882525004;-0,220048648983841;-0,114990028310278;0,143102576783973;0,117279056435689;-0,167814238503542;-0,189439923039004;0,000381841528725915;-0,0143542411342719;-0,0579681664103643;0,0317627233022159
"Cpn1";-0,0891159826381517;0,0689167434092248;0,0462991235976478;-0,172705584795624;-0,114598106779285;0,198820078480625;0,00295729283114369;-0,0108356583474201;-0,166325332786052;0,123937389822798;-0,0317603288729233;-0,093527718975031;0,054290912699798;-0,0214157616247113;-0,00641425268628342;-0,0258304575163088
"Pagr1a";0,0517791008598184;-0,0935412169836716;0,112778724302069;0,0405772372298402;0,085519157218709;0,0776706897593563;-0,0177501213477204;-0,016015075713745;0,156186211954219;0,0598752563901397;0,0598165956496412;0,0418916056846031;0,0691548661121559;0,552782802205579;0,103699465966402;0,0579160566663497
"2610528A11Rik";0,137997241445185;0,0315169586282262;-0,0613514507836994;-0,0222750696677701;0,36102630607271;0,226898771710449;0,0783987755351916;-0,244080016633933;0,325571928481174;0,235614269261621;-0,25099607811257;-0,0105551106147056;0,0338446882896279;-0,0269565764966487;0,109908808779461;-0,0399077787248988
"BC024139";-0,0559419664937486;-0,0248241628262353;0,0302298514960131;0,0116350774583844;-0,00669478268151819;0,0281373600914248;-0,0101124941660852;-0,0271843294788733;0,00638331056026424;-0,0216236181574213;-0,0194088966176147;-0,0661376949260456;0,0077684440670545;-0,109054746982043;-0,175672262111965;-0,00842398310035673
"Nat8f4";-0,0354445469773011;-0,138826938518846;0,00237148389739395;-0,0560567529679706;0,0349248691514275;-0,0768723218660741;-0,0510708068949763;0,037449061883258;-0,00563999280928189;0,204094907625075;0,0669641577969506;-0,02213723296813;0,205544461705514;0,0991920228853797;0,00262974631036221;-0,0651241123428572
"Inafm1";-0,0431368151691351;-0,0238589783549553;0,0380999161237421;0,0361227607408946;0,00860985280545657;0,0413103782301532;0,017640723784165;-0,0719268436619087;-0,0933092406386697;-0,0876739451000837;-0,0152265533535303;-0,0312887178518813;-0,0106722020695752;0,0204727950517635;-0,0266766885786988;0,00911751505898264
"Csdc2";-0,0860722471730905;-0,143299722082691;-0,13891288601126;0,0948402499150787;-0,124587919696195;0,102195507018837;-0,129762496689937;0,0953345565839263;0,214577919820896;0,136756711847849;0,148343334107015;-0,0813388804863238;-0,0154537222403556;-0,024050578623507;0,00366259035646161;-0,107444845433737
"Fcgbp";-0,0481586945298682;0,379233791094224;0,01626848401108;0,238941018117632;0,146727930368176;-0,0382435801420024;-0,0781325457075519;-0,10067722518511;-0,185152047403502;0,226728936575724;-0,0348565311921439;-0,0432999707849255;-0,0320816249743884;-0,0589412941052292;0,00263477502136191;0,0561786968960961
"Pdia4";-0,0379747416302558;0,0288533861523724;-0,0657660328213374;-0,0931223254294298;-0,0147838970516511;-0,0587619751995771;0,102713319949306;0,0980224347644325;0,00364042161438879;0,0124320328214341;-0,0764999850038636;-0,0244028205833088;0,0483736644337784;0,0230396071352965;-0,0584138666355649;0,0403764958304151
"Zfp956";-0,0753871526558021;-0,0656642369351291;0,0782187529757381;0,0245340858952802;0,00266029172021826;-0,0492661362699855;0,0193725901254016;0,0125427666840546;-0,0291970084796576;0,00345246434197203;-0,0802273600127674;-0,00303977152632131;0,00388556639893663;0,0185446007705947;-0,0718547590442252;-0,0471397261132594
"Sftpd";-0,0914305346427614;0,425047467817177;-0,0688847883976953;0,114588250872608;-0,0911831449067436;-0,228879252346932;-0,263472888911727;0,0167470485042844;0,146867021086486;-0,19886847270608;0,019423166137222;0,256595820429349;0,0531673290545747;0,00598999404200858;0,0540235415192272;-0,103330304101181
"Gm42453";0;0;0;0;0;0;0;0;0;0;0;0;0;0;0;0
"Chaf1a";0,0735863005574705;-0,0636023247072537;0,00904638446000659;-0,0409537825550104;-0,0798413665202819;0,038356237616835;-0,111544040629303;0,0484319938556431;0,0563209646306178;0,115418662003834;-0,0283134733834556;0,0795768186825051;0,0564408888627471;-0,00690464768481175;-0,104234446446089;0,147662261445617
"Nudt18";-0,0525673153451857;0,0667969675892871;0,0248083341716892;0,0436838674742968;0,0360891383527234;0,0266446281973715;-0,00705253340200738;-0,0198600705299926;0,00944701049019215;-0,0418457894038483;-0,0384036835255637;-0,115463355507001;-0,0678840193022997;-0,0719037909760738;0,024639449142734;-0,0154680424125287
"Gbp6";-0,0796222965160699;0,0124189028964277;-0,00478653041595758;-0,191548411384875;0,0241580343276681;-0,197447235980376;-0,232574938308758;-0,0524830807669355;0,250346227927408;0,0692425552598921;0,0787071118049548;0,00978559420917191;-0,101687836718205;-0,105732735523153;-0,126185372257761;0,0375804636439153
"Agap3";-0,0448580712824249;-0,0436060194236011;0,0283778638169735;0,0717379380815701;-0,0153482660876374;0,0041253103599485;0,0278538248227892;-0,0163347888738359;0,0428800780206239;-0,0353194572829461;0,0259316813609871;-0,104229406979971;-0,110459640843269;-0,0383087529775275;-0,100047327069634;-0,0700550826133286
"Cemip";-0,0629497993993061;-0,0156623760915146;0,00511070584085634;-0,0169669746613469;0,0134793327841786;0,0761875289542192;-0,0490128378116242;0,00325633004657829;0,0117179332634271;-0,238738661142984;0,0442846431465798;-0,0942111178938194;0,417746680614819;-0,0846030529102642;-0,0499671529202819;-0,0393068425769576
"Sntn";-0,369154427325103;0,0484440573818571;0,0258345843964004;-0,0805069194607423;0,00363555592613944;-0,0157454447175776;0,0914565115126448;-0,00931380028469644;0,0457583491117932;0,0425798602861267;-0,11924026790024;-0,0447070372350784;0,0596700486653579;0,0922590652549002;0,137730441895442;0,0416069153530099
"Slc38a5";-0,032897685464566;-0,11469799692901;0,155167046854391;0,249514413017915;-0,17617862046479;-0,0682954397406324;-0,077070681742498;0,0232114341968252;0,0223971462449846;-0,15891566910581;-0,192674548419789;-0,100849215417386;0,351826037868409;-0,0175104869224397;-0,0852657236469176;-0,000367189816266703
"Kcnk9";0,000252501799244114;-0,000480860161908492;0,000268109396983033;-0,00109324807008329;0,00145360369426718;0,00382232872213817;7,69742000289848e-05;0,00206696970968798;0,000443885430105156;-0,00241320200162999;0,000373764234616611;-0,00162822136414858;0,000133674635131868;-0,000768580276826816;0,000590529456774277;0,000487591400027242
"Nbl1";-0,0978358596373081;0,0929444204467179;-0,0810293921765076;0,199550501203231;-0,112659021719361;0,100465275573689;-0,00788713266450155;-0,249593650467469;-0,134196840937536;0,014701753107391;0,000295311407326322;-0,0317424017998182;0,0117564207936652;-0,028935690759693;-0,00883625347830947;0,125185654193476
"Sspo";-0,104598099687136;0,0352374238458911;0,0253953455244627;0,00413145506515247;-0,0581134200806081;0,0555282873365051;0,0884298982670693;-0,0296237747728558;0,0197430473804024;0,0566085905809823;-0,0157623265136134;0,0320024851483802;0,0801486805382776;-0,233012810817592;0,0303878773909542;-0,00122747768351266
"Cmpk2";-0,0787657133959519;-0,07755582157481;0,164997641317895;-0,0423318675116633;0,0537741576108171;-0,297042677816102;-0,150808849580477;-0,105547246906907;0,0837853108189339;0,0383703753086947;-0,108821444534102;0,0395166673227648;0,036989263498024;0,0668435474228415;-0,0328156714655922;0,0265827466440426
"Glt1d1";0,0113598380879112;-0,0224844524309953;0,0467589116906477;0,0562341210035362;-0,021296948473421;-0,0126907556036108;-0,116392459882857;-0,041340633625341;0,131758602985371;0,0333725512546659;-0,00779460857366465;0,0291761791978367;-0,0377009492707224;-0,0819249881723335;0,0406216881915661;0,0552587287584336
"Col7a1";0,119485767805731;0,226985855342094;0,134576640043447;0,0559724950292147;-0,0622093825750614;0,16674146986758;0,0853266448112989;-0,192896206002457;0,131842204418219;0,14258793315211;-0,0178712741342395;-0,0711054397195092;-0,00543207536284446;0,0974077497008478;-0,312136419219306;-0,0331643887892764
"Sap25";-0,0500919756599354;0,0176088992099071;0,077745739841223;0,0978650837873181;-0,000703901416889271;0,0216989806070302;0,0174153719652036;0,000782908149829565;-0,0157038349441034;-0,0294268065100417;-0,0133372028689025;0,20316086623521;0,0176827131211859;-0,0921329031771898;-0,164088050135324;-0,162042957092725
"Hps1";-0,0546877812796857;0,00847725953525864;0,108453929362668;-0,0610406235107093;-0,0309270842359339;0,034264097287451;-0,00705814025594933;-0,0351496837760679;-0,0527608797358002;0,0336525390249762;-0,0243085744311933;-0,0976539729419479;-0,0215198351883775;0,0565800364683314;-0,00969403276055445;-0,0564265446311571
"Hsdl1";-0,0395880230637295;-0,0622287374672035;-0,0119573709056298;-0,00789752587364185;0,0310073206956978;0,00989444950036859;-0,0164618238820227;-0,0232271460432115;0,0435394415499012;0,00232630143613909;0,031388927451491;0,0310249338089251;0,0114882729118288;-0,0585222692727108;0,0175989081496564;0,145174112757252
"Fam186b";-0,010319286307553;-0,00377907500874947;-0,00936868239192774;0,00612062359965692;0,0053259247140114;0,0112347934866366;0,0114503384152941;0,0049427226169639;0,00949702267850059;0,0135497739911422;-0,0161793945369549;0,0239664373954711;0,0377919806103434;-0,0470062006250249;-0,0134351411056601;-0,00970473614633753
"Psmb2";0,0238120179183918;-0,0351538797726347;-0,0171174577760279;-0,0082037843004933;0,00563715275410937;0,0270278452330757;-0,0554976017379344;0,0867910650339106;0,0894594427227375;0,0238104694451857;0,0663976173285847;0,00370883938257494;-0,0493319640657704;-0,0467230065172121;0,0309229709049227;0,223761395356607
"Mrps12";-0,0312004680813649;-0,0249394791214568;0,0258783391911178;0,0249144565646296;0,00992866007350856;-0,0592362152672045;0,0262841155350121;0,0671521721863317;-0,103167470166651;0,104115306540975;-0,0370362628947007;-0,0464742064267922;-0,072709398341258;-0,0353937684770397;-0,160187387032111;0,0865718944624387
"C1qtnf5";-0,011859715275075;0,0776944001240247;-0,0495823071074694;0,111412309909484;0,034437070743806;-0,00841054192951;-0,0868024860207766;-0,0663597325317706;0,0558129019119308;0,148463218598441;0,111006952484666;-0,0982181790021322;0,0153445260588043;0,0467310292027376;-0,124862120309595;0,0118516040437996
"Ganab";-0,0159174398418634;-0,0104856369753283;0,0352768153081974;-0,0724664956512072;-0,0258170816087751;-0,0039731775471239;0,00376113339446299;0,0242328639083502;-0,00819796251133647;0,041811611308843;0,00444853436125024;-0,0829138304849791;-0,0369763830851216;0,00730986137031198;-0,0306812739137232;-0,0111215306520546
"Ehd3";-0,175827010453299;-0,0227211964893072;0,0788505262960005;0,0829751862742306;0,0067731263038427;-0,0159628293878244;0,00244097501161997;-0,0221331964986253;0,0764893473991392;0,199987936284856;-0,051197681781625;0,0768285219569135;0,155215385985925;0,0134297499754425;-0,00135296747430419;0,0292904132492427
"Pgap4";-0,10731747630199;0,0280010602334767;0,269347585600197;0,248101916570513;0,0405209546956751;-0,0734533545526032;0,0883734337676674;-0,127637949923108;-0,0582313493783062;-0,0692244241782878;0,0159108563823754;-0,0629567524712929;-0,0694913676657479;0,0661134230665212;0,0401320467457805;0,00398559294594633
"Tor1a";0,0293028465910901;-0,00574419108473272;0,03066059674182;0,0109483416483243;-0,0487913289883061;-0,0181244638358287;-0,0356017520619417;0,0447407446087483;0,0303100465078018;0,0597701809759412;0,0310572568832766;-0,00161751150235283;-0,0560256901010017;-0,107017547431466;-0,0262345461448969;0,0719587483950234
"Catip";-0,275384353687178;0,0635101559611966;0,0157840142551395;-0,0940701531320233;-0,111439744398305;0,00641764055098127;0,132053322612045;-0,0658996525782496;0,0920549898167429;0,0455795221187381;-0,0842883009300951;0,0701345429579844;0,0183018784205071;0,0421587699004274;-0,0527994794793303;0,107931555294384
"Abi3bp";-0,10473554673667;0,000783874671489975;-0,0455783161470765;-0,0743969526458932;0,00643690887985975;-0,000906289291963398;-0,0231291832694024;-0,023883051303426;-0,036001411277744;-0,0218990533967283;0,2140352498822;0,0379698001015611;0,140417527955477;-0,045548436805482;0,0739758715134279;-0,0685268700190763
"Plec";-0,00767245988713809;0,0627886397627673;0,0173819711819544;-0,122891374327957;0,00257039736023476;0,0955787720805946;0,147471608853338;-0,0414419345892281;0,00160574746792305;-0,0215846777185238;0,0118274599945694;0,0998508574439804;0,00497144102042621;-0,0911413932416544;-0,0762792848193739;0,109875150165019
"C1d";0,0277549721931468;-0,0036021032363861;-0,00993231771099076;0,0248609190859561;-0,0311993089252832;-0,0015005826688654;-0,0998868295585014;-0,00748844076658761;0,0141292895674417;-0,0199349976535329;-0,0864835782840191;0,0958745768298639;0,0937772231284998;0,13082315092117;0,0685579820689878;-0,0927320853464904
"Sharpin";-0,0269711090970381;0,00881048482905188;0,0316534951663871;0,045092433510323;0,00282388731561918;0,0132529461555432;0,00287252136895672;-0,0271001323766047;0,010531488996939;0,0413947812118406;0,055981687327897;0,012493271117454;-0,0666885696774304;-0,00951455598186983;-0,00921826216295632;0,0802151278284389
"Rnf216";0,0179331410252041;-0,00324594873040422;-0,0104679775360624;-0,0270108077892029;-0,0329106083122187;-0,0633279865688064;-0,0634269465436808;0,0178075841051969;0,00998844556936192;0,00696666280323985;-0,0164857873538208;-0,0349722606278017;0,00704828712846146;-0,0306666404782162;0,0500065735163516;0,0365127179698861
"Myh7";-0,135330127078233;-0,013605641397993;-0,0697398977634406;-0,00572762688521148;-0,0203290223048853;-0,0122023513859455;0,0251031791472496;-0,113059021351035;-0,0215812548942442;-0,00915405132871654;0,0100339084986365;-0,182003828677869;-0,0939905277418434;0,0713387760275313;-0,0576038733293712;0,0121310771881346
"4931428F04Rik";-0,0513891004420303;-0,0707274186795369;0,094509194866178;0,0894277150360659;-0,113171386178575;-0,019503460394779;-0,0505767828862464;-0,0367181117772145;0,0547195053912758;-0,00278244833369507;0,0528668679094528;-0,0169897417640718;-0,0283229229867678;-0,0231004339089808;0,00236649204143512;0,100022515708244
"Ndufs5";-0,0209760167675336;-0,034021755114284;0,0285010637879119;0,051945781898204;-0,00228584249394451;-0,0808744380712154;0,0448722038208988;0,0550935452261276;0,0728424400612131;0,0431838629206074;0,0699306957772405;-0,0488682758832314;-0,0717847826814002;-0,00387227003734033;-0,0447319511068303;0,220291858992417
"Mettl23";-0,00265630872007744;-8,93859217729044e-05;0,0627270357524075;-0,0378809215972784;-0,058391864028386;-0,0976109182587962;0,0348998573522605;0,0510972855703827;-0,0301143402838964;0,101821823767676;0,0516097885291747;-0,0568007206595142;-0,0349758399522426;-0,0187636317917032;0,116318669399662;-0,129176232494248
"Edn1";-0,0941721756997981;0,117895330637412;-0,0421162729674645;0,00222637528357135;0,0467134161711128;-0,0635578280523252;0,0919605043647289;-0,0916147200202175;-0,153387395916529;0,116353049584607;0,0777466865152521;0,00593125956798034;0,0868444038469448;0,0377769518806669;0,000211317428929074;-0,0345814166147849
"Gdpd2";-0,138428915617586;-0,0620403454939032;-0,411845748753023;0,0970235757291113;-0,108103152639193;-0,0929850870961497;0,176459453863404;0,15014950020853;-0,000999558488594499;0,0140543633329836;-0,0266112221234754;0,0701294840099221;-0,0212812130277901;0,0774820981048923;-0,0471524241673372;-0,0636598608544229
"Kcnj3";-0,00531467938114561;-0,0934108815381248;0,186342884562898;0,161591159345107;-0,0580139457197562;-0,0278528284990992;-0,0828658059119004;-0,0564000730235077;0,0616321849778589;-0,0362613609675543;-0,0381029954721238;0,0102197882533632;0,0772574307871211;0,0295772149652724;0,0657373231596899;0,0726483916335694
"Mmp3";0,119561310395284;0,304911351112858;0,131699641481197;-0,232295511379017;-0,349308256848838;-0,0498375577384545;0,156292780558999;-0,164187981384948;0,346848163242261;-0,120760913279174;0,110340661421868;-0,0629031224900397;0,125504433091454;-0,0149538941823608;0,0131454895356211;0,0537847997018837
"Rai2";-0,149425435392565;-0,144814453225389;-0,0701886344826239;0,147186881946157;-0,0601224211775919;-0,0150068965305766;-0,0689800230988881;-0,281990663690711;0,00478116338893075;-0,0938314827835364;0,15268861169605;-0,109701945847121;-0,150605867611455;0,0794180499136273;-0,013533706364482;-0,0597455842106694
"Derl3";-0,148492258079223;-0,0781448305745986;0,0932017102825501;-0,0761099412091529;0,175674779682612;-0,0648360714171744;0,170117922814832;0,0312061167958831;0,0696287634504558;0,0807160587341128;0,399899833587211;-0,0808524884304072;0,238853695488123;-0,0467739539680861;-0,0633659808157197;-0,0788887788927897
"Adgrg1";-0,0349199586099182;-0,023959833511076;-0,0448797480682489;0,173312132035275;0,045636599286834;0,100845204282905;-0,219440604587164;-0,0306178406020409;0,062297897239172;0,0174846706042881;0,0427792898539645;-0,160051605202324;-4,13027259636093e-05;-0,0764301240824391;0,0418646120802052;-0,144603771489693
"Gpsm1";0,0208963042876222;-0,0941303237988348;-0,0414259050360228;0,126448006249064;-0,194416025557471;-0,0124034867321708;0,00523815967886298;0,0313238374634913;0,000513762491567626;0,171679661924466;0,177912705036199;-0,0694489031778466;0,021093968765877;-0,0822876809848656;0,0963305151271321;0,128741143482007
"Prdm1";0,0169582548556344;0,126476133293338;0,0493301830856874;-0,00889731161164671;-0,0980889465162047;-0,00929942383185472;-0,0017058692058706;-0,0130586215911109;-0,0733483913219544;0,0868753127457234;0,183223591336493;0,0103804387669;0,0619923330839438;0,0628758429772325;0,0953651954829711;-0,0457448368987251
"Myrfl";-0,00423548690434753;-0,0215653844622916;-0,0435681837685764;0,0190836823838703;0,0052624576902157;7,62819482537699e-05;0,0268611636147356;-0,0254117546371325;0,0206486745167345;0,0693849954787051;0,0258566594113898;0,0406538358239576;-0,037668309942339;-0,0197221157375855;-0,0211212770548623;-0,01184430585851
"Card11";0,0035082612555219;0,0477012089672516;-0,000433884676048016;0,0271216643182132;0,130820728000044;-0,153029887652196;-0,0501107063564888;-0,0185998651176681;-0,0376187806261539;-0,0658563645493725;-0,0939672091987547;0,0583207710414129;0,0351057136736726;-0,0635363127414369;-0,103326032402112;-0,00417729545885369
"Slc39a6";0,0515024548841763;-0,0508390182194229;0,028085620965888;0,136766799330079;0,0109473595745148;0,0134786096808884;0,0576489724335711;-0,0263779389564681;0,195469531189599;-0,0247972397370693;-0,0253290768223201;0,0106073299664673;8,76414059618539e-05;-0,0625699863486144;-0,162963758894332;-0,00178290613902313
"Siva1";0,0252777647970772;-0,00605905768282541;0,0349034679151856;-0,0423573403315485;-0,075721212359443;-0,00225710666197819;-0,102455965941199;0,0549808455081041;-0,0381240114963837;-0,0346340355645493;0,0712516767563648;-0,153898220552922;0,0336691058932755;-0,0562175625387111;-0,00711266041941266;0,12532709811945
"Trip6";0,00995508854898675;0,0273612346129392;-0,135425544335507;-0,136457058451483;0,0148246731119664;0,036100696546253;-0,0471123318363061;0,0767063081203272;0,017421398630751;-0,0210295141656801;-0,0115507220890898;-0,0479140603683663;-0,0050980399956931;-0,0982420990787572;-0,102778079567746;-0,00785888505052629
"Gm9703";0,0297673857613938;0,023212640832349;-0,0199417744679967;-0,0402108705610083;-0,031602804194759;-0,0194845085553576;-0,0279793626453046;0,0245728957604512;-0,00186898763841156;0,0568224377220923;-0,0426134234630355;-0,0378393815640613;-0,0352328860633745;0,185071655348451;0,0376385071374749;0,0298557804133612
"Idua";-0,0443447684832948;-0,0363463373587512;-0,0414389344781064;0,00794123419617992;-0,0578777785793663;-0,00536588883024866;0,0777976074678956;-0,0409004859078595;0,0491104269228665;-0,00137425251896392;-0,0286054842052189;0,0289607395134412;0,0690587907083286;-0,0152775923124302;-0,0851019246094688;-0,00137263559124275
"Gmppb";-0,0705679968670435;-0,0134808492682449;0,0703046311571709;0,0746769304552172;0,0842665010949152;-0,0234083082499474;0,134368118176032;0,0179352973380101;0,119771278087908;-0,0109527140602269;-0,157975126367719;-0,0633078182192838;-0,0701123121888576;-0,263581331038428;0,374148489618276;-0,17328955308804
"Abhd4";-0,039505479411907;0,00592632309974706;-0,121112201412509;0,0632295462674015;0,0165701437559501;0,10423702998924;0,0493215823043903;0,0138098738522818;0,0418042810416154;-0,0392809192952649;0,0518443945144302;-0,145015383125402;0,0180869219232158;-0,0603575395231746;0,0149826475572792;0,134847842346829
"Nbeal2";-0,0507441517307026;0,0686815743659668;-0,00757959430307146;0,117084504004058;0,0750225649776645;-0,0601264687936849;0,0777621906705542;-0,0414941611559833;-0,0471438566471161;0,0287125937869263;-0,0940837491176764;-0,0481687887379555;-0,0408318587808671;-0,107138034992639;-0,113104345593597;0,0521879098452163
"Mrm1";-0,0348338878846649;0,00148265120032977;0,101314314716725;0,024635657288174;-0,0936908955309129;-0,025557959708498;0,00665257749084933;-0,109038643311003;-0,0800652607214788;-0,00326478847926881;0,016883086386647;-0,206400523923457;-0,00138202101301762;-0,0596138686691499;0,253237860863202;0,0379705737084446
"Dapk2";0,0250670560392352;0,0233144275518007;-0,214835340058025;0,150098337370666;-0,0409171851482744;-0,0228495686522442;0,00495660641992707;0,0574460286990458;-0,0133888228408962;-0,0628087332398124;-0,0588856879329884;-0,0260943944091299;0,123049290686504;0,0887619481794315;-0,107757415230553;0,0877545370968453
"Cenpx";-0,0484925518796814;-0,00655313610948957;0,0494852305894321;-0,0372453060336684;-0,0123825779866068;-0,0945278081955294;0,0147428173129949;0,165066488108822;-0,072868922872269;0,0141835479801433;0,0263554553372359;-0,105706403001294;-0,0411197345841438;-0,0357028694865464;-0,039038221958426;-0,0746469654266913
"Orai3";-0,0705195109253577;-0,0122166999462185;-0,0116808857027632;-0,0654702093288204;0,117849845263709;0,0050455666394703;0,0985620944425728;-0,00717322195740707;0,0321388387029828;-0,0659828031185453;-0,080021940076232;-0,0599987886655245;0,00951939509091325;-0,10041991070761;-0,0366131350385645;-0,0181016836037946
"C4b";-0,0057264191080901;0,0919314499116578;-0,268397099245334;0,034269486805045;0,0482994097025775;-0,015864311867595;-0,0475616525315146;-0,294834633152547;-0,00478960067246867;0,112116989204951;0,0653429406316136;0,0802435487514263;0,00950831801690288;-0,0276484931201422;0,0734616353643184;0,0626952696392361
"Dydc2";-0,238008537265021;0,0191095937998002;-0,0289655600006426;-0,0448247263821558;0,00388925111098241;-0,00489650119808858;0,0709233735352806;-0,0336547193012397;0,0173335968370757;0,0925073065961602;-0,0576139753035855;-0,0430160371515299;-0,0103990538990549;0,152880014347064;0,032581424538978;0,031196549215861
"Zfp719";-0,0203859603179341;-0,0640073416750415;-0,0414440480127331;-0,0367774164075889;-0,00420263747815057;-0,0128354501974373;0,0553252973230863;0,00966406323342239;0,0582270386486757;-0,000648586636766168;-0,0390538171351392;0,095555541534275;-0,00297765857567061;0,0237537053046475;0,074308313187073;-0,000331768596671317
"Gm6763";0,00388206716183125;-0,00481395112148884;-0,010138769647297;0,0128067760488405;0,00501223462966566;0,000276116914561222;0,0157331207931364;0,0201577675397745;0,0200569844127792;0,0484541155063288;0,0272631911336475;0,0412683975535018;0,016554838093681;-0,0042667024525198;-0,00174068157421111;-0,00325234244493466
"Gm8764";0,00388206716183125;-0,00481395112148884;-0,010138769647297;0,0128067760488405;0,00501223462966566;0,000276116914561222;0,0157331207931364;0,0201577675397745;0,0200569844127792;0,0484541155063288;0,0272631911336475;0,0412683975535018;0,016554838093681;-0,0042667024525198;-0,00174068157421111;-0,00325234244493466
"Mospd2";0,0396471299038252;-0,0646794074240376;0,0307288519040876;0,0113267578691605;0,0392557162248725;-0,0457544999883433;-0,0885458229279728;-0,0726914196200548;0,0287200643413904;-0,0608063279317901;-0,119666679677559;-0,00305764031883949;0,00110940061999218;0,0376221649227009;-0,00475378188459144;-0,0848504556061047
"Ccdc88a";0,0498666923018939;-0,153251080163409;0,070420382931889;0,0122325697531096;-0,135475763717775;-0,0499172357852567;0,0731737817942522;-0,060094512684057;0,154902117028322;0,0182383625503608;-0,103528078250161;0,103359141008934;0,0106597732730143;0,13223162734766;-0,0173122267534452;0,00667742750339466
"Cyb561";-0,106787938824027;-0,0265268683898134;0,0300145097788558;-0,0703927216622988;0,075497073009904;-0,0513571362850271;-0,105968642738806;0,164708787729555;0,0686200257607276;0,131431964601605;-0,111878704326729;0,0116945909997452;0,0868480875980293;-0,079408063164056;-0,03065010166633;0,0166834506924552
"Slc39a11";-0,0247843364160363;0,0330522469680579;0,00832382745724711;-0,00567369626264373;-0,0256672024386962;-0,17623628967829;-0,000602950828247833;0,0815689050794521;-0,0254791829028444;0,146064421344414;-0,0595818265334321;0,0127055209073244;-0,0140548178686858;-0,0774953553632051;-0,110417288401427;0,116290014794638
"Irf7";0,0406105359507339;-0,00242003013596877;-0,00256175910505056;-0,0619842996282327;0,262738597158166;-0,333357100491552;0,0366628464185311;-0,0685604247751068;0,106887274622446;-0,0154244645674208;0,0997039387742108;-0,165372121968185;0,167351557507399;-0,0192882119122655;-0,059391091979837;0,0955008113577256
"Fahd2a";-0,0837420002749665;-0,0230390163832207;0,0645619748470159;0,0348517771203104;0,0361456835170375;-0,111197658575995;0,0361362388885741;-0,066341858769119;-0,125755897374809;-0,0463224091434642;-0,133491186998915;-0,0775619477764488;-0,0399656243416732;0,0655864883046291;-0,169464860134444;0,0225072311404374
