genes,baseMean,log2FoldChange,lfcSE,stat,pvalue,padj,18996-L,18996-S,18999-L,18999-S,19151-L,19151-S,19152-L,19152-S,19153-L,19153-S,19313-L,19313-S,FT1,FT2,FT3,FT4,13604T,2611T,14576T,2942T,14109T,14104T,13179T,14397T,14474T,13085T,13576T,2163T
Nme4,186.7757055,-4.505513726,0.709290936,-6.352137743,2.12343E-10,2.56956E-06,49.10491416,4.251173788,190.3833464,2.534491322,96.98919816,11.7602102,64.45727853,7.664617131,30.48497095,0,223.5536281,9.63112006,9.64,13.38,8.82,9.33,24.65,6.48,17.35,2.21,3.65,18.88,22.1,32.7,24.14,6.17,16.92,11.78
Gm5637,65.73445293,-5.409632286,0.975571083,-5.545092899,2.93798E-08,0.000177763,6.735913225,0,145.8884906,0.969442931,15.9261702,0,11.3095913,1.294141123,14.01722414,0.272874918,56.5419239,8.747464794,1.32,1.21,1.09,1.33,1.03,1.12,3.2,0.52,0.49,2.16,3.08,2.11,1.67,1.03,4.5,0.91
Otud3,37.31534049,6.389486002,1.254506699,5.093225893,3.52022E-07,0.001419939,1.067498134,6.213253998,0,0.633622831,0,55.22185661,0.591351179,20.34071469,0,12.89954159,0,42.61770626,13.47,14.59,16.2,14.8,7.96,21.16,12.57,14.38,11.55,10.47,15,11.67,9.26,7.94,13.13,9.53
Mgme1,38.46234375,-4.559342328,0.948178222,-4.808528841,1.52045E-06,0.004599744,20.28246454,0.654026737,30.58790607,0.633622831,2.417176278,0,38.14215105,0.294792967,11.13873939,3.224885399,18.68880795,1.68544601,9.07,8.54,8.78,8.66,9.12,6.3,17.94,4.78,17.51,12.7,9.86,19.78,19.72,7.44,14.54,9.58
Gm6024,32.57945009,-9.509529102,2.091102864,-4.547614212,5.42575E-06,0.010169695,20.54933908,0,43.77234834,0,0,43.20598966,0,0,1.465623603,0,29.80746584,0,0,0,0,0,0,0,0,0,0,0,0,0,0,0,0,0
Edem2,120.800231,7.620107056,1.678366848,4.540191594,5.62031E-06,0.010169695,0,39.89563094,0,47.52171229,147.447753,1.472582843,0,46.57728872,39.27871257,40.74518667,0,0.782528505,71.07,70.07,73.28,69.95,38.8,40.54,36,39.68,22.9,36.41,29.45,41.44,24.42,51.7,29.17,29.11
Gm5385,56.41644144,-5.158256282,1.138547662,-4.530558054,5.88281E-06,0.010169695,33.07109219,0.353174438,18.21826233,0,36.25764417,2.175638888,57.36106438,0,4.332383372,3.765673873,8.840515861,0.951073106,0,0,0,0,0,0,0,0,0,0,0,0,0,0,0,0
Rpl9-ps6,29.36695275,9.239567633,2.125676152,4.346648772,1.38233E-05,0.015069996,37.43182206,0,0,1.584057076,0,3.003966737,0,22.15663937,0,0,0,58.68241452,93.36,97.33,107.16,117.47,116.38,83.69,72.3,78.72,66.97,105.26,50.08,134.3,77.63,91.87,128.08,72.66
Tyrobp,23.06203545,-5.911734086,1.362636473,-4.338452848,1.43489E-05,0.015069996,10.67498134,0,12.92075343,0,0.60429407,0,28.97620778,0,1.172498883,0,17.26940481,1.68544601,92.01,84.86,87.52,81.64,512.93,103.95,277.77,142.27,113.01,306.56,131.02,117.91,165.49,75.93,75.63,103.04
Trdn,67.19151519,-3.301961849,0.763018954,-4.327496497,1.50814E-05,0.015069996,11.54232357,1.96208021,214.9116828,10.13796529,7.553675869,1.022626974,4.139458254,0,2.051873045,0.496136215,17.505972,1.928631792,3.83,4.72,3.93,5.47,0.08,0.3,5.65,0,0.06,16.66,0.12,4.06,0.27,0.11,0.03,0.42
Nono,138.0876561,3.414814486,0.792784195,4.307369528,1.65207E-05,0.015069996,2.668745335,34.66341704,3.691643836,61.46141456,11.78373436,54.91506852,0.29567559,36.25953489,15.24248548,183.3223315,33.82910806,33.81486253,192.59,184.82,185.19,182.15,229.36,249.64,362.36,155.5,488.45,429.71,400.28,192.93,314.51,190.88,241.07,417.93
Me1,32.63369927,-5.529353941,1.286278996,-4.298720541,1.71787E-05,0.015069996,2.217727373,0,3.691643836,0.633622831,5.438646626,0,33.11566603,0,39.27871257,5.457498367,9.699254758,0,30.17,9.8,21.4,11.2,68.43,119.21,75.98,255.75,10.46,48.85,72.39,45.09,48.56,81.06,39.64,35.06
Dlec1,136.0132874,3.612767086,0.843930581,4.280881824,1.86154E-05,0.015069996,3.029025955,41.1546324,36.06736028,68.70689163,0,9.487421753,3.725512429,110.1641316,74.91974736,96.82098239,0.473134378,19.92919518,43.96,46.75,47.98,45.89,1.26,7.03,1.65,0.19,4.05,1.42,6.15,0.44,3.2,1.14,3.36,6.79
U2af1l4,102.3344896,6.204322792,1.449346105,4.28077377,1.86245E-05,0.015069996,0.221505863,22.23690905,0,16.47419359,30.51685051,2.300910692,0,102.5113062,74.16055433,78.06703346,0,7.225747825,62.04,68.17,74.21,67.97,49.22,56.52,32.57,36.85,133.16,51.59,41.78,37.67,75.89,76.01,71.16,57.16
Gnal,44.42234565,2.949941787,0.689221355,4.28010793,1.86803E-05,0.015069996,1.812078082,29.02570657,3.362032779,19.92426991,1.314339601,11.54290197,0.969815934,29.0164717,12.41090067,34.23836021,2.465030112,7.165553324,20.73,21.38,18.92,22.49,1.15,0.9,1.07,3.06,4.2,1.14,1.73,2.44,0.55,0.74,2.95,1.11
Ints11,101.5711789,5.26602873,1.234792733,4.264706611,2.00165E-05,0.015138733,0.8006236,16.02365505,1.115403816,163.8263509,21.15029243,9.970612999,0,63.63400977,21.0932549,22.32612968,0,11.55734407,23.79,28.58,26.17,21.93,33.64,49.49,41.68,30.04,58.53,29.55,27.9,48.41,69.25,37.64,45.4,39.98
Frg2f1,15.44698183,-5.954302996,1.402792458,-4.244607221,2.18977E-05,0.015587273,6.671863337,0,10.28386497,0.316811415,1.812882209,0,21.58431804,0,2.931247207,0,0.946268757,0,8.64,9.41,7.42,8.28,2.78,5.19,1.77,3.7,12.37,2.8,3.36,6.36,8.81,9.03,7.17,9
Lrrc40,26.11637894,5.909640753,1.399301219,4.223279929,2.40772E-05,0.016186598,0,0,0.263688845,44.03678672,0,29.40052551,0,10.6125468,0.293124721,0.496136215,0,4.81556003,19.29,16.65,17.61,19.14,20.27,19.38,37.39,15.72,46.69,34.96,45.21,28.33,59.25,29.46,37.63,27.34
Sdr39u1,33.65036155,5.457446292,1.296978428,4.207815778,2.57851E-05,0.016422391,2.935619868,14.71560157,1.845821918,6.922329424,0,4.090507897,0,3.242722632,0,66.97838905,0,12.76123408,74,86.25,78.47,79.94,23.58,34.85,31.56,36.35,44.54,27.57,24.42,23.97,23.88,34.87,27.63,29.74
Mob2,144.4682035,5.419477298,1.296331151,4.180627222,2.90706E-05,0.017589173,4.803741602,117.3977992,0,50.68982644,71.30670021,17.38465856,0.29567559,75.17220648,86.76491732,47.38100855,0,15.8913481,52.34,48.72,53.78,44.88,21.01,27.47,32.64,42.54,62.65,26.07,48.15,49.84,65.87,47.02,80.28,48.55
Gbp8,36.35605279,5.134394052,1.234575049,4.158835103,3.19875E-05,0.018432399,0.426999254,45.71646889,0,0.316811415,0,56.31095434,0,0.294792967,4.100814842,23.56647022,0,3.498504362,104.81,251.19,152.76,280.32,1.06,0.46,26.96,1.38,2.24,1.4,0.68,4.04,7.98,8.49,1.14,27.72
Gm15794,50.06247965,5.045661346,1.223912313,4.122567681,3.74672E-05,0.01932777,1.067498134,10.79471129,1.054755382,24.72713096,0,112.294668,0,0.589585933,0.879374162,1.240340538,0,38.76525824,0,0,0,0,0,0,0,0,0,0,0,0,0,0,0,0
Kcnk7,31.0466321,5.786095329,1.405205189,4.117615972,3.82812E-05,0.01932777,12.80997761,3.597147052,0.791066536,58.92692324,0,17.89597205,0,8.254203065,0,0.496136215,0,7.464118046,3.87,4.21,3.56,3.39,0.15,0.13,5.04,3.3,0.36,0.83,0.32,0,0.24,0,0,0.25
Mmp19,19.08750715,-4.670747712,1.134418753,-4.117304744,3.83329E-05,0.01932777,11.72913575,0,7.153878376,0.316811415,2.565228325,0.766970231,1.182702358,0,11.43479535,0,45.67166155,3.407008721,5.29,4.3,5.09,5.58,42.93,6.29,6.1,3.33,0.81,11.28,7.99,4,3.12,3.99,0.47,0.91
Phax,53.93190151,5.993377742,1.464901218,4.091318697,4.28927E-05,0.020615279,0.266874533,3.92416042,0,91.87531043,10.27299918,0.511313487,0,9.728167897,1.465623603,22.07806158,0,43.09926227,38.89,35.32,37.67,39.74,80.27,66.33,60.56,35.56,62.24,33.53,54.38,53.73,50.44,49.14,60.75,45.2
Gm14418,32.12397746,5.915435681,1.452764063,4.071848851,4.66414E-05,0.020615279,0,6.890171671,0,4.292794677,1.003128155,0,0,37.93101101,0.993692803,32.42250166,0.704970224,23.79608989,18.04,14.61,14.51,11.39,19.82,14.97,11.29,5.09,31.95,15.8,36.69,9.73,20.03,3.03,14.67,5.63
Gm10571,116.2746823,4.889823811,1.201290214,4.070476689,4.6917E-05,0.020615279,52.57428309,2.289093578,6.32853229,127.0413775,0.60429407,139.0772685,0,15.0344413,2.638122486,3.472953506,0.473134378,91.73641857,0.12,0.02,0.07,0.05,0,0,0.07,0.19,0.35,0.05,0.07,0.39,0.12,0.1,0.28,0.14
Gm12713,56.48466125,-5.815796507,1.430131868,-4.06661556,4.77008E-05,0.020615279,45.63554522,0,0.527377691,2.851302737,0.906441104,0,64.45727853,0,2.344997766,0,73.09926147,2.167002013,0,0,0,0.13,0,0,0.12,0,0,0.13,0,0,0,0,0,0.05
Vmn1r80,206.7876212,-3.08778028,0.765020134,-4.036207866,5.43221E-05,0.02239737,46.01984455,8.786849207,24.52042573,4.337148275,401.8464918,9.54110967,6.5699116,2.73567873,51.56650086,0.756607728,48.13196032,11.45140175,0,0,0,0,0,0,0,0,0,0,0,0,0,0,0,0
Mest,28.42026281,-5.279840148,1.312888187,-4.021545934,5.78174E-05,0.02239737,12.20950991,0.696538475,97.30118396,0.316811415,1.208588139,0,0,0,2.752441127,0,6.15074692,0,4.89,1.7,2.48,1.57,15.78,13.44,3.85,5.82,10.65,6.04,22.51,402.64,367.85,4.14,21.55,188.56
Kif17,62.6422417,3.584001585,0.892041749,4.017750949,5.87562E-05,0.02239737,1.601247201,1.965350344,1.131225147,19.01818926,1.208588139,27.53934442,1.774053537,95.51292118,5.800938222,4.963842833,0.972291148,56.57801479,3.54,3.54,4.03,3.36,0.33,0.65,0.85,0.15,1.35,1.08,0.23,1.86,0.67,3.12,0.28,3.11
Gm7289,70.3000522,-7.014923273,1.746801982,-4.015866334,5.92278E-05,0.02239737,51.41604762,0,27.68732877,0,101.4458669,0,0,1.179171866,6.72721234,0,12.06492665,41.11043597,0,0.07,0.06,0,0,0,0.07,0,0.09,0,0.36,0.18,0,0.07,0,0
U2af1,34.58526612,2.886602739,0.728850451,3.960487005,7.47971E-05,0.027427857,0.533749067,11.73323966,2.109510763,9.821153873,2.115029243,12.44281371,1.774053537,26.53136699,13.19061243,22.8222659,1.241977743,14.91619719,113.61,146.15,139.47,149.03,242.36,180.29,232.02,117.08,296.83,132.25,120.01,121.96,417.26,215.88,132.58,192.69
Gm28438,122.2740575,-11.94209371,3.036937952,-3.932281101,8.41436E-05,0.029092045,0,0,0,0.003168114,39.51781068,0,220.2487467,0,0,18.04695483,0,0,2379.4,1713.13,1457.96,1791.25,2650.67,1480.87,2317.49,1985.35,2106.2,2296.3,4635.58,2794.76,2812.24,843.79,2820.1,3462.01
Nprl2,42.29222897,4.903969261,1.249755185,3.923943921,8.7111E-05,0.029281402,0.272212024,24.45078955,0,27.892077,3.625764417,1.354980741,0.89294028,42.74498016,12.31710076,22.59404324,0,4.035439305,27.81,31.22,32.09,31.69,18.89,18.2,16.04,14.44,66.64,13.07,25.86,18.01,17.96,21.33,20.87,17.78
Il18r1,71.03542949,-3.21896985,0.823870332,-3.90713165,9.33983E-05,0.029857585,55.27505337,2.943120315,66.97432985,0.842718365,31.12114458,0.667264101,5.322160612,2.956773455,12.61901923,2.530294697,75.73225429,32.27869888,3.77,2.92,3.88,3.62,4.78,8.11,56.55,37.34,0.54,28.55,18.75,1.63,0.25,10.99,0.44,8.23
Cox10,183.2446277,-3.506766293,0.898693574,-3.902071178,9.53731E-05,0.029857585,143.8453735,24.52600262,20.56772994,0.316811415,24.77605685,0,204.0161568,26.23657403,24.62247654,15.38022267,85.87625536,9.390342058,6.68,9.87,7.4,9.2,12.14,6.21,9.76,6.52,12.87,11.09,17.42,12.74,6.32,6.05,7.85,5.14
Eefsec,385.6147707,-4.81122189,1.234615175,-3.896940509,9.74155E-05,0.029857585,2.401870801,1.635066842,0.527377691,3.484925568,19.33741023,0,771.1219376,7.959410098,69.17743408,2.232612968,5.677612541,0,13.02,17.51,16.44,16.98,9.46,9.63,9.65,12.55,21.71,11.72,11.48,14.97,10.01,22.1,16.14,11.86
Cdkl1,129.9529557,3.110903514,0.799579751,3.890673208,9.99665E-05,0.029857585,10.14123227,18.31274863,25.05044031,113.4184867,2.115029243,128.3396853,2.661080306,61.31693705,39.86496201,42.66771451,0.236567189,11.55734407,241.73,240.13,234.44,243.33,1.03,13.97,5.43,0.05,3.02,1.15,5.17,0.19,6.59,22.95,1.28,10.26
Gm9795,62.07600992,11.66910482,3.001476715,3.887787889,0.000101162,0.029857585,0,15.87976917,10.14147299,0,0,184.2364757,0,0,0,13.50482778,0,11.91369551,0,0.76,0,0.2,5.11,0.93,1.42,0,8.51,1,0.06,3.4,0,0.34,1.24,0.35
Bex1,49.24949037,4.128127881,1.064335478,3.878596518,0.000105061,0.03027003,0,10.85030356,0,6.336228305,0.87018346,25.80599169,5.697668611,23.55690596,3.397315513,79.58024892,1.419403135,0.963112006,51.67,41.66,52.02,33.79,6.64,13.37,13.96,1.02,287.56,156.36,1.63,63.95,45.69,76.07,14.44,79.75
Fam20a,25.27505568,4.311051104,1.11651694,3.861160497,0.00011285,0.031758016,3.736243468,17.00469515,0,2.217679907,0,0.511313487,0,37.73349972,0.586249441,16.3724951,1.182835946,6.260228039,15.18,9.95,17.6,11.15,22.86,7.85,12.55,5.93,1.12,16.72,22.28,7.76,13.38,16.04,1.49,10.06
Mxi1,111.9045981,4.236653802,1.099954262,3.851663609,0.000117318,0.031782783,38.69680735,8.175334208,8.438043053,138.4465885,0,30.43082219,0,49.82001135,1.465623603,14.63601835,19.39850952,105.7015427,29.9,18.68,26.12,17.87,20.39,20.94,21.62,22.76,30.66,18.18,11.79,20.37,23.62,30.32,24.1,24.8
Umps,59.65130568,4.826213497,1.253611115,3.849849,0.000118191,0.031782783,0,10.13741442,0,44.98722097,4.230058487,5.624448358,0.887026769,32.72201929,38.69246313,57.55180096,0,2.648558016,9.6,10.95,8.99,10.55,25.96,29.06,23.07,7.57,45.39,33.74,28.35,25.05,20.82,39.61,18.66,23.57
Map3k1,46.18802983,-4.572274032,1.189944611,-3.842425932,0.000121824,0.032047706,26.95432788,3.92416042,27.15995108,0,29.91255644,0,27.49782983,1.7687578,7.621242738,0.248068108,7.570150055,21.42924213,8.78,10.26,8.66,9.75,8.05,16.42,10.78,12,15.04,14.6,9.55,8.04,10.02,28.29,12.54,15.54
Mlycd,71.77937778,7.171805791,1.874202682,3.826590294,0.000129931,0.033452958,0,36.62549725,0,72.23300268,57.40793661,0.255656744,0,11.79171866,43.08933394,9.426588089,0,0,18.14,19.88,20.92,19.22,8.08,5.03,11.78,8.2,19.11,5.67,8.42,16.62,12.53,15.63,10.86,8.88
Nudt16l1,128.9260722,4.091695007,1.07227917,3.815885937,0.000135695,0.034209321,1.601247201,49.70603199,0.263688845,72.23300268,11.78373436,243.1295631,0,2.653136699,35.76121592,46.38873612,0,0,56.99,77.65,61.53,68.35,55.78,63.34,41.33,41.35,83.12,62.39,62.35,24.03,42.67,58.5,38.2,49.09
Sorbs3,83.59077704,4.635267886,1.219475067,3.80103539,0.000144093,0.0349219,0,4.251173788,0,6.653039721,0.60429407,61.86893194,2.956755896,130.2984912,53.05557445,21.08578915,0,0,42.16,36.03,44.01,33.21,38.59,85.59,17.42,15.48,5.79,15.38,22.11,3.52,34.19,3.01,38.61,57.98
Krt79,92.58058394,4.010712577,1.055258932,3.800690482,0.000144293,0.0349219,1.334372667,3.597147052,0,3.168114153,0.60429407,260.7698784,0,0.589585933,0.293124721,5.953634582,23.42015173,63.08383639,0.31,0.47,0.46,0.5,0.11,22.28,9.32,0.24,2.55,2.57,18.52,11.76,58.73,2.86,3.25,12.79
Cpn1,30.25011116,4.486605808,1.185649778,3.784090287,0.000154272,0.03660477,0.533749067,5.88624063,0.263688845,21.85998765,1.812882209,24.54304738,0,26.82615996,13.19061243,0.99227243,0.236567189,9.871898061,7.28,6.86,7.48,6.75,5.59,1.02,1.27,0.21,0.11,12.09,0.35,1.16,1.04,4.02,0.17,0.36
Pagr1a,83.4725356,5.143377744,1.369544226,3.755539722,0.000172968,0.040251725,0.2001559,46.68442846,0.527377691,17.83965079,8.061282888,0.766970231,0,71.92948385,104.7862252,35.89049381,0,3.577961102,11.41,5.53,10.49,17.75,11.67,30.76,19.87,17.19,99.02,14.08,8.46,31.3,17.71,47.36,33.54,11.58
2610528A11Rik,27.05881356,-5.213224972,1.390168078,-3.750068107,0.000176787,0.040364038,11.47560494,0.654026737,46.14554795,0,0.302147035,0,4.139458254,0,11.72498883,0,18.21567357,20.70690813,0,0.2,0.07,0.71,0.64,78.58,3.75,17.43,1.02,1.68,1.13,40.05,5.64,15.19,0.46,0.33
BC024139,39.42165966,4.74663509,1.278322159,3.713175945,0.000204674,0.045283591,0,9.061540436,0.996743836,12.83719855,0,10.6455468,0.552913352,74.86856972,1.037661511,0,2.427179361,20.36981893,1.18,1.43,1.76,0.98,0.02,0.04,0.09,0,1.03,0.12,0.04,0.07,0.45,0.45,0,0.15
Nat8f4,38.72692506,6.223021068,1.676565702,3.711766894,0.000205817,0.045283591,0,18.63976199,0,39.28461549,0,0,0,37.73349972,18.4668574,14.38795024,0,1.203890007,16.34,8.9,13.55,10.92,1.46,6.91,7.88,1.39,17.94,10.12,5.74,16.19,14.43,7.38,34.11,7.29
Inafm1,151.2276545,4.679679025,1.262443634,3.706841952,0.00020986,0.045348458,2.668745335,88.94763619,0,9.187531043,108.7729325,39.88245199,0.29567559,83.72120251,138.6479929,28.27976427,0,2.648558016,18.65,17.31,19.28,17.52,9.66,7.01,5.48,13.16,19.69,11.35,7.83,9.39,13.35,13.36,7.12,14.6
Csdc2,170.8754832,2.521101451,0.683616904,3.687886355,0.000226125,0.048005855,16.39410259,113.8627847,11.2595137,212.8149001,8.520546381,53.5191827,9.757294456,13.23915213,34.0581613,94.26588089,2.065231562,19.74379612,31.56,36.47,35.06,33.45,5.04,49.79,18.98,0.64,30,5.92,15.93,2.5,62.42,22.28,37.99,22.72
Fcgbp,201.2874749,2.489293336,0.6794026,3.663944374,0.000248361,0.050542167,25.33173072,34.31678287,4.933618298,36.0626434,10.15818331,420.9541677,4.062582601,25.65583188,31.79230721,44.18837201,12.26364309,109.6840108,17.42,21.41,21.14,19.42,11.74,42.82,21.9,548.45,0.85,79.9,12.77,0.63,1.37,0.34,0.7,3.36
Pdia4,46.99698393,2.90099044,0.792050684,3.662632326,0.000249637,0.050542167,3.469368935,51.99512556,0.791066536,3.801736983,2.719323313,24.28739064,1.182702358,18.86674986,2.638122486,38.45055668,12.53806103,7.704896048,299.19,281.48,299.37,293.8,227.16,141.83,171.41,136.92,55.54,133.63,333.77,252.7,153.44,153.84,248.88,141.61
Zfp956,47.40338963,5.205941601,1.421749661,3.661644341,0.000250602,0.050542167,4.803741602,7.521307472,0,20.59274199,24.17176278,1.022626974,0,18.5719569,2.931247207,62.26509501,0,7.223340045,18.98,20.35,20.65,20.11,4.73,4.28,4.55,5.26,26.26,6.66,8.28,9.9,6.82,6.84,10.36,6.66
Sftpd,346.8824885,3.176215997,0.868827326,3.655750575,0.000256431,0.050869944,20.28246454,265.5348551,4.219021527,61.77822598,275.2559487,125.5274611,0.887026769,142.9745888,41.0374609,109.6461036,12.06492665,86.68008054,54.8,42.27,52.56,40.84,67.37,30.34,440.35,212.87,0.82,20.27,53.27,0.54,0.48,0.16,0.81,39.17
Gm42453,18.39844538,-4.480278557,1.232475793,-3.635185845,0.00027778,0.053749834,22.8818225,0,26.81979247,0.316811415,0.794646701,0.766970231,0,0,6.744799823,0.248068108,22.95648004,0.430992623,0,0,0,0,0,0,0,0,0,0,0,0,0,0,0,0
Chaf1a,15.78411298,4.0322037,1.109794402,3.633288917,0.000279831,0.053749834,0.304236968,1.952269809,0.108112427,1.438323825,0.320275857,27.6032586,0.416902581,4.333456609,4.408595799,13.31381533,0,1.55542589,7.72,8.21,8.96,8.21,20.92,32.61,28.99,5.29,36.81,32.96,23.76,29.92,20.62,27.34,27.81,19.63
Nudt18,121.2555783,4.115819651,1.134518248,3.627812649,0.000285833,0.054044682,1.868121734,29.43120315,1.845821918,43.64394057,90.35404928,4.872817532,0.29567559,73.40639661,33.12895593,92.13001448,0,4.671093229,12.58,15.37,13.32,13.49,6.9,6.75,8.44,15.98,6.13,6.98,7.29,3.67,5.65,6.81,2.9,4.63
Gbp6,33.50285197,3.723059182,1.031357151,3.609864127,0.000306357,0.057034329,1.804071846,5.912401699,0.334884834,73.16759636,0.302147035,6.524360096,0,0.294792967,0.603836925,14.18453439,2.088888281,8.451307852,3.64,7.58,5.29,6.07,0.24,0.73,35.64,0.14,1.2,1.06,0.63,4.04,1.52,0.14,1.63,1.88
Agap3,113.7037467,5.840788595,1.627047918,3.589807362,0.000330922,0.060674126,0,14.71560157,0,2.534491322,18.73311616,0,0.29567559,207.2394555,54.22807333,63.75350365,0,0.722334004,87.85,119.34,109.52,105.62,56.51,54.98,49.02,62.27,145.29,38.73,58.13,42.27,102.31,67.93,71.97,56.47
Cemip,70.96467772,-3.388293864,0.947044283,-3.577756527,0.000346556,0.062449632,26.42057881,2.616106947,22.67724071,1.584057076,2.417176278,0,0,0,0.586249441,0.248068108,265.127946,10.36308518,9.12,1.35,6.29,1.22,0.73,0.33,1.65,0.86,1.62,0.47,0.98,0.51,1.13,4.59,0.34,2.91
Sntn,97.82204918,-3.371408135,0.943189003,-3.574477782,0.000350928,0.062449632,32.29181855,1.635066842,99.67438357,0.950434246,70.09811207,0.511313487,31.93296367,25.05740216,51.29682612,6.945907013,3.311940649,3.130114019,128.27,111.65,109.84,133.2,0.05,0.04,0.67,0,0.18,0,0.09,0,0,0.03,0.04,0.08
Slc38a5,227.1838408,-4.471260902,1.252558945,-3.569700988,0.000357389,0.062677731,1.718671995,0.660567004,0.266325734,0,80.06896421,2.106611567,409.1854484,0,1.758748324,0,30.27350321,2.167002013,5.13,0.64,3.63,0.51,1.12,0.38,0.02,0.12,53.24,0.3,5.41,0.06,0.95,0.37,0.52,1.16
Kcnk9,53.93767166,-2.950190251,0.83272658,-3.542807835,0.000395891,0.066844797,59.10470293,5.006574669,10.53964315,0.288298388,7.009811207,0.20963853,0.594307935,0.294792967,14.97574198,1.736476753,86.54574051,55.24892022,0,0,0,0,0,0,0,0,0,0,0,0,0,0.04,0,0
Nbl1,43.55631488,5.884585447,1.6615654,3.541591229,0.000397721,0.066844797,0.266874533,22.23690905,0,24.07766756,15.40949877,0,0,22.40426546,26.67434958,31.00851345,0,1.444668009,163.84,129.95,171.38,118.98,76.93,138.86,21.21,98.75,37.37,77.57,33.59,8.98,108.74,15.15,9.92,97.77
Sspo,59.6195363,4.395475793,1.242557176,3.537443491,0.000404021,0.066973338,1.067498134,26.8150962,0,80.15328806,0,6.391418589,0.887026769,46.28249575,22.27747877,5.457498367,7.570150055,7.704896048,5.42,5.01,4.78,3.14,1.61,1.1,0.14,0.42,0.46,0.52,0.06,0.12,0.22,0.33,0.29,0.12
Cmpk2,32.23393138,-2.590741648,0.734033565,-3.529459375,0.00041641,0.068094229,18.94809188,4.251173788,10.02017613,2.534491322,17.82667505,0.766970231,4.730809433,1.7687578,28.13997319,5.705566475,23.42015173,1.68544601,12.58,11.89,12.35,12.95,0.72,0.76,14.95,2.93,41.59,3.73,3.46,19.11,2.62,0.4,5.22,3.74
Glt1d1,77.15700628,-3.268304525,0.92776188,-3.522783803,0.00042704,0.068901409,30.86137105,25.50704273,11.49683366,0.316811415,136.6792326,7.664589172,8.574592097,0.294792967,0.586249441,0,8.752986001,2.648558016,0,0.21,0.02,0.06,0.02,0.88,1.34,0,2.5,0.11,0.11,0.11,0.21,0.02,0,0.17
Col7a1,44.26749927,5.072240879,1.452769634,3.491428208,0.000480446,0.075515428,0.533749067,40.87667104,0,73.18343693,3.323617382,0.511313487,0,9.728167897,12.60436299,9.426588089,0,1.444668009,1.23,1.01,2.85,1.7,84.01,32.81,13.2,62.33,4.47,20.17,2.46,5.87,2.85,5.16,0.55,0.37
Sap25,172.7203676,5.570624039,1.595531554,3.491390707,0.000480513,0.075515428,0.266874533,24.49003115,0,102.0607974,112.6978225,0,0.124183748,86.38613093,9.377059815,187.7900381,0.416358253,0.722334004,23.4,28.31,30.03,23.38,16.92,17.64,9.31,22.41,32.73,13.84,11.19,8.84,5.42,11.96,12.8,17.51
Hps1,79.22301442,4.650985015,1.338712035,3.474223653,0.000512334,0.079483991,0.8006236,28.77717641,0.263688845,3.168114153,0.60429407,0.253100176,0,57.18983552,67.71181048,35.47373939,0,100.8859826,20.65,20.8,21.68,22.78,13.98,5.23,11,9.05,18.02,20.1,6.07,11.84,8.43,12.22,6.94,5.26
Hsdl1,272.1604216,2.925237538,0.842852085,3.470641634,0.000519216,0.079532128,42.43305082,147.1560157,8.438043053,102.0132757,7.855822904,118.1134155,0.591351179,178.9393307,59.79744302,195.973805,60.56120044,38.52448024,25.35,26.62,24.8,24.3,8.78,17.13,15.37,9.61,24.1,11.02,11.35,18.64,22.16,20.43,21.46,21.86
Fam186b,28.1028711,-3.431565699,0.98970623,-3.467256844,0.000525799,0.079533704,24.81933161,0.654026737,41.39914873,2.217679907,0,0,0,0.294792967,8.5006169,0.496136215,45.42090033,1.926224012,0.31,0.26,0.3,0.18,0.04,0.32,0,0.04,0.08,0.04,0.14,0.13,0.07,0.15,0.15,0.13
Psmb2,38.38666264,6.631620495,1.918618012,3.456456915,0.000547327,0.081767906,0,21.90989568,0,8.237096797,20.54599836,0,0,24.46781623,9.379991062,36.96214803,0,0,178.28,228.15,183.53,210.33,208.63,336,411.97,167.96,307.85,224.38,287.61,222.33,287.89,434.3,434.72,266.69
Mrps12,160.8461112,3.252203338,0.942189991,3.451748977,0.000556966,0.082044724,1.067498134,37.60653736,0.791066536,118.8042807,9.064411043,28.37789853,23.65404717,66.62321045,32.536844,193.2450558,0,0.240778001,57.52,89.25,75.22,77.09,34.49,37.29,31.94,48.04,68.78,75.47,70.88,50.04,50.22,36.6,89.57,36.29
C1qtnf5,35.46498852,4.410569845,1.27926735,3.447731114,0.000565317,0.082044724,4.536867069,31.39328336,0,6.01941689,0,2.045253948,0,0.8843789,36.64059009,29.76817291,0,21.18846413,7.5,6.86,9.85,7.56,4.41,20.18,14.73,16.49,4.45,10.14,5.56,2.03,10.09,2.77,5.31,5.37
Ganab,60.71250049,5.584476141,1.620694758,3.445729748,0.00056952,0.082044724,0.266874533,3.597147052,0,51.32344927,9.064411043,0,0,25.94178106,32.536844,65.2419123,0,11.55734407,119.05,135.89,126.91,135.15,119.47,67.95,124.2,71.99,108.59,134.67,92.81,129.42,110.09,119.6,121.05,68.58
Ehd3,47.75636269,-3.766805243,1.098315356,-3.429620847,0.000604425,0.086048817,52.8278139,0.333553636,78.87724433,1.463668739,0.912484045,0,1.162005067,0,9.110316319,5.698124431,36.55199641,21.88912812,24.43,18.25,23.63,19.32,0.45,4.25,1.42,1.01,8.04,1.8,0.86,1.01,0.85,0.52,2.67,0.72
Pgap4,54.95841359,4.041496878,1.180396323,3.423847398,0.000617413,0.086875726,0.266874533,6.213253998,0.527377691,8.870719627,6.042940695,14.82809113,0,111.4317414,16.12185964,10.66692863,0,2.407780015,7.85,6.69,7.69,7,1.82,0.16,0.13,15.87,29.95,1.18,0.14,0.07,0.18,0.01,0.63,0.11
Tor1a,37.74478985,-6.590318127,1.928876611,-3.416661329,0.000633941,0.08734989,34.96056388,0,94.6642955,0,1.812882209,22.49779343,0,0.589585933,0,0,6.15074692,0,34.23,46.14,36.99,36.83,67.09,56.69,72.38,43.39,77.62,66.82,59.05,46.56,49.26,47.71,71.87,41.29
Catip,74.33090593,3.161616419,0.926491166,3.412462562,0.000643788,0.08734989,1.334372667,15.04261494,0,1.584057076,0,0.511313487,2.661080306,75.46699945,93.5067859,54.57498367,1.182835946,9.390342058,58.64,62,65.57,67.13,4.07,1.32,1.53,0.26,0.54,0.49,0.37,0.89,0.63,0.26,0.48,0.81
Abi3bp,41.19122196,-2.936653112,0.860933239,-3.411011423,0.000647224,0.08734989,6.13811427,0.654026737,73.04181018,0.633622831,5.136499591,1.533940461,4.730809433,0.294792967,2.931247207,1.240340538,60.32463325,16.1321261,9.32,5.27,7.18,4.81,0.73,0.64,2.51,0.64,0.27,1.39,0.01,0.49,1.84,1.38,2.47,3.6
Plec,1178.265415,2.148644082,0.630723037,3.406636441,0.000657687,0.08734989,160.9253437,360.0417185,101.2565166,682.4086204,257.7344421,390.1347472,81.90213831,725.1906978,300.4528387,647.7058289,15.3768673,241.5027433,38.78,43.65,42.97,39.9,95.4,33.82,26.81,45.27,11.92,34.37,15.95,58.67,20.5,55.49,25.71,25.35
C1d,53.61594336,-3.835803864,1.127037619,-3.40343907,0.000665433,0.08734989,3.469368935,0.327013368,15.55764188,1.267245661,4.230058487,0,61.50052263,6.485445265,2.638122486,21.08578915,44.0014972,0.240778001,69.06,48.59,60.06,62.76,75.72,115.48,103.58,61.49,112.48,97.85,122.55,87.44,65.8,72.81,55.25,124.89
Sharpin,45.6026993,3.958222669,1.164045306,3.400402586,0.000672867,0.08734989,0.533749067,4.905200525,1.060029159,8.553908212,0.305168505,0.255656744,0,53.35752695,17.29435852,38.94669289,0,30.09725019,57.9,71.89,63.89,69.29,48.71,56.22,47.56,61.6,67.12,51.27,32.96,33.54,46.49,41.35,50.44,42.22
Rnf216,84.43130267,2.716131503,0.800757445,3.391952855,0.000693964,0.08734989,7.205612403,5.88624063,2.9005773,12.03883378,5.136499591,82.57712817,0.29567559,64.55965968,13.19061243,53.58271124,9.699254758,41.89537226,21.18,20.58,19.04,19.09,23.73,20.33,39.88,18.41,24.85,28.36,34.87,28.18,27.21,18.56,25.43,26.07
Myh7,309.3938857,2.036532369,0.600704489,3.390239973,0.000698315,0.08734989,36.26558035,269.1679736,149.5247598,142.5746412,13.41532834,42.61797915,8.624856948,124.9951658,64.90074441,162.8294251,17.12983017,87.15200542,5.01,5.9,6.04,6.41,0.01,0.17,0.24,0.11,0.11,0.05,0.15,0.01,3.4,0,0.05,0.87
4931428F04Rik,32.81615942,5.420146141,1.598805581,3.390122105,0.000698615,0.08734989,2.335152168,72.15876986,0,5.091159443,1.9156122,0.212195097,0,26.63749246,0,0,0,12.50119384,6.77,6.68,6.8,5.87,3.94,2.54,3.33,1.37,24.68,2.65,2.2,1.53,4.58,2.24,4.17,3.35
Ndufs5,42.96604761,5.04154385,1.487736283,3.388734891,0.000702159,0.08734989,0,22.40368586,0.263688845,33.84179538,26.89108609,0,0,8.254203065,2.638122486,28.03169616,1.892537514,15.26773307,115.89,142.41,127.57,134.03,89.65,89.78,108.61,105.57,184.09,63.16,109.05,83.1,118.27,75.73,231.84,72.18
Mettl23,46.9360989,3.099675364,0.915186005,3.386934837,0.000706782,0.08734989,0.8006236,21.2133572,0.382348826,22.49361048,15.40949877,20.70819623,3.843782664,26.46356461,4.70172052,34.3971238,0.236567189,0.722334004,38.29,40,31.51,36.64,49.73,19.19,41.26,29.57,43.06,49.9,33.72,38.89,30.36,19.78,67.75,18.11
Edn1,361.2326352,2.63776289,0.778860801,3.386693598,0.000707403,0.08734989,14.94497387,275.9992829,1.582133072,31.36433011,126.5996076,127.8283718,9.461618866,235.5395803,105.8180242,236.1608384,15.14030011,32.7458082,21.12,14.96,19.52,15.98,5.43,5.56,4,17.43,0.57,10.25,2.77,3.28,4.34,0.97,4.56,4.8
Gdpd2,36.83859879,6.295045507,1.860349745,3.383796796,0.000714909,0.087384979,0,4.905200525,0,12.3556452,15.71164581,0,0,17.98237096,5.569369693,57.05566475,0,0,143,166.1,146.87,168.63,18.11,104.15,8.82,7.46,2.92,5.07,207.64,10.35,181.01,12.54,135.02,181.74
Kcnj3,25.18176838,-4.180218568,1.238153743,-3.376170845,0.000735023,0.088307197,30.79198367,0.654026737,3.430591879,0,10.62348974,0,0.292718834,0.294792967,10.84561467,0.248068108,15.43837477,33.46814221,0.59,0.05,0.35,0.08,0.04,0,0,0.04,20.56,0.06,0,0,0,0.01,0.13,0
Mmp3,135.8155067,-3.110869296,0.921626151,-3.375413438,0.000737049,0.088307197,110.4860569,11.77248126,23.46830724,3.168114153,106.0536092,26.33264459,27.79350542,0.294792967,4.689995531,0,65.29254423,124.0006708,2.1,0.16,1.41,0.28,710.01,3.22,65.05,14.38,0.06,3.82,1.47,7.34,0.83,0.83,0.11,0.04
Rai2,90.57666771,-3.476898833,1.031467112,-3.370828593,0.000749425,0.088891483,130.2347723,0.981040105,28.74208415,4.118548398,2.417176278,0,70.9621415,2.063550766,10.84561467,3.472953506,19.63507671,60.91683438,12.34,13.7,14.21,14.01,0.11,1.9,0.83,0.41,13.31,0.2,0.16,0.26,26.65,0.64,1.53,12.09
Derl3,89.26044626,6.067399822,1.801379516,3.368196301,0.000756617,0.088891483,0,1.308053473,0,50.37301503,93.66558078,0,0,28.59491776,37.51996425,56.31146042,0,0.481556003,67.1,28.88,56.91,27.91,1.99,2.17,7.6,9.04,10.3,2.73,0.21,7.86,7.69,11.31,63.72,3.32
Adgrg1,66.58413604,5.11279186,1.519672003,3.364404852,0.000767089,0.089255264,0.266874533,57.22733946,1.054755382,20.59274199,30.81899755,0,0,48.64083949,24.62247654,32.49692209,0,3.370892021,50.78,50.51,53.8,44.3,9.72,93.22,57.88,37.07,84.9,40.69,41.23,8.48,76.75,50.87,19.71,52.53
Gpsm1,15.70827393,-6.050135218,1.799735644,-3.361679944,0.000774699,0.08928217,6.404988803,0,0,3.484925568,20.03234841,0,5.913511791,0,6.448743855,0.248068108,5.677612541,0,14.71,11.88,11.71,9.14,22.4,28.71,9.87,4.56,40.9,17.93,17.2,5.38,54.75,8.72,57.47,16.97
Prdm1,70.34466697,-2.947033307,0.877780022,-3.357371132,0.000786874,0.089343575,31.22432042,2.616106947,113.9135812,2.851302737,3.927911452,0,22.17566922,3.537515599,2.051873045,1.984544861,66.71194736,32.0234742,3.09,1.66,2.37,1.9,11.59,2.59,5.83,6.57,0.99,9.65,1.21,0.74,1.22,0.88,2.59,1.55
Myrfl,53.88270965,-5.128088242,1.52791031,-3.356275699,0.000789998,0.089343575,2.401870801,0,60.64843444,0,0,0,71.55349268,0,0.586249441,0,25.07612206,2.889336018,0.16,0.41,0.25,0.36,0.04,0.89,0.01,0.05,0.11,0.05,0.08,0.27,0.73,0.04,0.67,0.39
Card11,38.32271059,-5.173899579,1.54873141,-3.340733937,0.000835573,0.093562508,19.21496641,0,80.42509785,0,1.812882209,0,0,0,0,0.248068108,67.18508174,1.68544601,1.24,1.35,1.45,1.1,0.14,0.78,2.43,5.79,0.96,1.2,2.92,2.69,0.35,0.17,0.77,2.23
Slc39a6,114.1300706,4.58074922,1.373189048,3.335847475,0.000850398,0.093562508,3.469368935,147.4830291,0,193.8885861,1.208588139,0,0.29567559,2.947929666,3.810621369,39.69089722,0,2.648558016,14.04,14.62,17.91,13.54,29.27,60.37,20.95,35.91,87.03,8.89,30.16,28.4,34.34,31.28,33.25,20.77
Siva1,199.7252944,-4.353847557,1.305750455,-3.33436419,0.000854946,0.093562508,0.533749067,0,0,1.267245661,12.38802843,0,396.5009656,24.46781623,14.65330479,0.496136215,3.07537346,0,51.22,41.73,47.99,36,75.06,30.77,110.15,39.24,77.61,104.52,69.54,42.58,71.06,77.03,59.96,53.71
Trip6,63.60936309,4.961667622,1.48851608,3.333297966,0.00085823,0.093562508,0,38.26056409,11.6023092,21.54317624,17.82667505,0.766970231,0,18.27716393,7.328118017,29.2720367,0,87.64319254,43.2,55.42,50.74,47.69,46.65,59.36,100.68,30.65,9.91,55.89,86.04,63.94,70.43,92.92,48.86,75.09
Gm9703,79.61040975,-4.006636577,1.205380705,-3.323959442,0.000887491,0.09588865,47.59707304,3.044494459,12.52785705,20.84935924,2.643786554,0,105.2486829,0.341959841,24.20623943,0.280316962,4.277134781,14.29739773,0,0,0,0.37,0.79,0.56,1,0.25,0,1.06,1.06,0.71,0.51,0.24,0.37,0.19
Idua,35.37834124,3.63950563,1.097000318,3.317688764,0.000907656,0.096604431,0,0.313932834,0.263688845,13.30607944,3.625764417,22.01971532,0,13.2656835,3.810621369,56.80759664,1.007776226,0.483963783,19.84,16.2,20.52,15.87,12.44,13.25,6.38,5.67,10.84,5.3,10.21,11.61,15.9,8.11,12.01,12.63
Gmppb,245.6484581,3.909001021,1.17849513,3.316942872,0.000910082,0.096604431,1.256979053,24.64372744,9.74066595,214.7189367,126.2370311,0.945929951,0.354810707,16.73539671,118.5660183,166.9051842,0.473134378,138.3775252,89.67,118.05,55.73,79.48,25.58,37.69,19.73,62.19,73.77,12.36,43.5,44.52,25.17,36.32,33,14.06
Abhd4,30.81572467,-4.376668672,1.321511696,-3.311865257,0.000926762,0.097519508,10.94185587,0,39.02594912,0,8.762264008,0,9.461618866,16.21361316,9.379991062,7.442043228,6.387314109,0.722334004,106.62,92.63,105,85.59,50.49,118.95,45.06,67.94,28.98,34.87,75.02,26.02,142.62,104.72,57.51,76.23
Nbeal2,20.8985987,4.244008627,1.28448054,3.304066113,0.000952934,0.099409044,0,9.156374313,2.636888454,37.06376747,0,2.045253948,0,3.832308566,1.172498883,12.65147349,1.419403135,0.240778001,19.68,25.6,23.98,20.7,8.85,15.86,6.88,43.39,9.09,10.24,17.14,8.42,9.91,4.81,7.91,8.52
Mrm1,40.75267236,5.570726876,1.688983661,3.29827162,0.00097282,0.099828246,0,0.327013368,0.263688845,38.01736983,48.04137853,0,0,8.843788998,4.689995531,8.434315658,0,15.4097921,16.28,11.11,10.33,9.54,12.79,3.03,6.2,8.55,19.36,12.28,4.72,5.61,11.89,4.22,4.36,4.12
Dapk2,114.0368029,-3.393533879,1.02902768,-3.297806216,0.000974434,0.099828246,20.28246454,2.289093578,6.064843444,0,12.69017546,5.624448358,43.16863608,89.91185481,51.58995084,0,174.8231528,12.27967808,3.32,1.68,3.43,2.05,3.01,12.23,2.2,4.56,0.7,1.74,20.17,0.95,9.1,2.04,3.7,11.41
Cenpx,37.30686379,5.68280213,1.727978208,3.288700114,0.001006512,0.099828246,0,1.635066842,0,14.89013652,15.10735174,0,0,11.4969257,20.51873045,53.08657503,0,1.444668009,115.12,139.73,118.57,119.25,61.78,24.94,79.99,60.11,76.97,88.44,113.32,55.68,49.62,64.65,152.1,44.58
Orai3,88.57836456,3.317672465,1.009046431,3.287928449,0.001009275,0.099828246,3.197156911,35.97474065,1.845821918,15.52375935,2.417176278,0,0.887026769,50.64248373,19.03258811,149.3370008,0.709701568,10.59423207,52.35,58.02,54.18,51.52,13.13,16.13,16.7,28.04,14.68,11.01,20.47,42.35,22.87,36.8,20.67,18.71
C4b,203.8276698,-3.624137265,1.105098575,-3.279469674,0.001040024,0.099828246,80.86298364,0.654026737,1.845821918,98.21153873,21.45243947,1.278283718,294.7885628,10.90733976,21.39810461,8.682383766,4.967910974,0.240778001,39.5,37.08,37.62,37.89,22.27,200.39,50.11,66.61,3.32,36.74,22.78,30.76,140.81,8.52,14.32,131.24
Dydc2,33.12266881,4.825346367,1.471587765,3.279006853,0.001041731,0.099828246,0,10.46442779,0,6.653039721,0.60429407,0.511313487,0,25.94178106,6.155619135,55.81532421,0,0,21.61,22.63,22.55,29.66,0,0.54,0.34,0,0,0.18,0.12,0.12,0.74,0,0.36,0.28
Zfp719,175.3884525,3.455067014,1.055162425,3.274440914,0.001058713,0.099828246,45.63554522,60.82448651,1.582133072,167.2764273,0.302147035,60.07933474,0.29567559,56.30545662,55.98682165,39.93896532,88.00299439,82.58685451,12.78,13.63,11.38,14.54,8.27,11.44,7.13,4.45,10.43,4.95,10.45,17.29,12.61,11.42,16.06,13.64
Gm6763,20.43859971,-3.595919089,1.098430439,-3.273688493,0.001061536,0.099828246,6.861344255,0.555922726,5.450448435,0,0,0,28.3848566,0.589585933,6.519093788,0.372102161,9.38935174,2.443896715,0,0,0,0,0,0.35,0,0,0,0,0,0,0,0,0.41,0
Gm8764,20.43859971,-3.595919089,1.098430439,-3.273688493,0.001061536,0.099828246,6.861344255,0.555922726,5.450448435,0,0,0,28.3848566,0.589585933,6.519093788,0.372102161,9.38935174,2.443896715,0,0,0,0,0,0.35,0,0,0,0,0,0,0,0,0.41,0
Mospd2,44.61010537,-3.350381665,1.023642141,-3.273000916,0.001064121,0.099828246,27.22120241,0,49.04612525,9.821153873,12.38802843,9.459299512,4.730809433,0.294792967,4.983120252,0,48.02313941,15.4097921,15.13,14.82,15.15,16.17,13.33,21.06,27.53,20.47,67.3,20.75,30.65,53.33,31.12,25.29,16.85,32.94
Ccdc88a,39.11503456,-3.099014724,0.947606081,-3.270361794,0.0010741,0.099828246,38.96368189,1.635066842,74.36025441,1.267245661,1.510735174,0,0.29567559,0.589585933,6.155619135,0.99227243,35.24851119,11.07578807,4.43,3.73,4.22,4.96,14.12,8.9,4.16,1.34,58.04,2.76,7.94,26.33,13.51,6.71,15.29,7.11
Cyb561,737.8310518,3.209155754,0.981736153,3.268857672,0.001079826,0.099828246,27.48807695,189.6677536,15.29395303,522.1052124,174.6409861,9.203642768,13.60107712,588.7015543,304.2634601,498.8649644,2.365671892,56.82360835,132.76,159.71,139.47,142.15,11.53,37.16,81.77,17.6,51.37,48.36,65.45,50.63,18.57,47.88,63.61,24.97
Slc39a11,38.23314358,4.0005292,1.224038499,3.268303411,0.001081943,0.099828246,0.8006236,73.57800787,0,12.03883378,0,0.255656744,1.478377948,38.91267159,1.758748324,5.209430259,0,0,25.13,34.31,28.67,27.75,18.91,16.97,29.38,21.12,17.01,29.17,41.15,24.17,13.23,5.77,36.83,12.93
Irf7,41.88954425,4.60360792,1.409263218,3.266677126,0.001088177,0.099828246,2.935619868,57.55435283,1.318444227,14.89013652,17.82667505,0,0,9.138581964,1.758748324,22.07806158,0,18.29912811,26.05,12.77,21.55,13.24,6.34,11.12,87.52,123.09,18.57,10.54,25.12,130.57,37.54,9.88,72.62,19.93
Fahd2a,181.9463241,2.154575045,0.659602028,3.26647729,0.001088945,0.099828246,12.00935401,90.9097164,12.92075343,47.83852371,25.98464499,78.23096353,19.21891332,135.0151787,88.52366565,67.97066148,2.838806271,43.82159627,26.99,30.4,33.8,31.59,6.33,3.95,5.49,16.38,24.49,11.06,13.69,15.81,11.56,5.31,8.25,10.7